<?xml version="1.0" encoding="UTF-8" standalone="no"?>
<catalog prefer="public" xmlns="urn:oasis:names:tc:entity:xmlns:xml:catalog">
    <uri id="User Entered Import Resolution" name="http://purl.obolibrary.org/obo/bfo/2014-05-03/bfo.owl" uri="Imported/modified_bfo.rdf"/>
    <uri id="Imports Wizard Entry" name="http://purl.obolibrary.org/obo/iao/2022-11-07/iao.owl" uri="http://purl.obolibrary.org/obo/iao.owl"/>
    <uri id="Imports Wizard Entry" name="http://www.ontology-of-units-of-measure.org/resource/om-2" uri="file:/C:/Users/pedro/Desktop/om-2.0.rdf"/>
    <uri id="User Entered Import Resolution" name="http://www.ontology-of-units-of-measure.org/resource/om-2" uri="Imported/modified_om.rdf"/>
    <group id="Folder Repository, directory=, recursive=true, Auto-Update=true, version=2" prefer="public" xml:base="">
        <uri id="Automatically generated entry, Timestamp=1706724083976" name="http://purl.obolibrary.org/obo/bfo.owl" uri="Imported/modified_bfo.rdf"/>
        <uri id="Automatically generated entry, Timestamp=1706724083976" name="http://purl.obolibrary.org/obo/iao.owl" uri="Imported/modified_iao.rdf"/>
        <uri id="Automatically generated entry, Timestamp=1706724083976" name="http://www.semanticweb.org/n0santos/ontologies/2024/0/IIOnTo" uri="IIOntoOM.owx"/>
        <uri id="Automatically generated entry, Timestamp=1706724083976" name="http://www.w3.org/ns/sosa/" uri="Imported/modified_sosa.rdf"/>
        <uri id="Automatically generated entry, Timestamp=1706724083976" name="http://www.w3.org/ns/ssn/" uri="Imported/modified_ssn.rdf"/>
    </group>
</catalog>
